x,predicted,std.error,conf.low,conf.high,group
No,16.38820338602975,0.2743294281982891,15.850527586861638,16.925879185197864,Survey 2
No,13.078466083315604,0.27664373854368934,12.536254319221458,13.62067784740975,Survey 3
"Yes, diagnosed",16.78920080022275,0.9875047637916508,14.853727028629383,18.72467457181612,Survey 2
"Yes, diagnosed",13.59321483652807,0.844126340506353,11.938757610734024,15.247672062322115,Survey 3
"Yes, admitted",20.122444644163956,4.123829661904769,12.039887028452622,28.20500225987529,Survey 2
"Yes, admitted",24.281765034731965,3.5512744733817216,17.321394967687347,31.242135101776583,Survey 3
