x,predicted,std.error,conf.low,conf.high,group
White British,15.107574307984518,0.33695020733687336,14.447164037020942,15.767984578948093,Survey 2
White British,11.769232247930342,0.3364683071208743,11.109766484034267,12.428698011826416,Survey 3
Irish,16.631670487515784,1.075785757131157,14.523169148457562,18.740171826574006,Survey 2
Irish,12.013593939349118,1.062086813396496,9.931942036637073,14.095245842061162,Survey 3
Ethnic minority (including white other),18.797808439613178,0.49499506388827297,17.827635941867058,19.767980937359297,Survey 2
Ethnic minority (including white other),16.4854484392817,0.4985015898692241,15.508403276902065,17.462493601661336,Survey 3
