x,predicted,std.error,conf.low,conf.high,group
Male,14.115224220544027,0.3883918527226118,13.353990177318924,14.87645826376913,Survey 2
Male,11.534028582232754,0.3862840224481852,10.776925810431049,12.291131354034459,Survey 3
Female,18.557997008621218,0.3783375472439892,17.816469042023776,19.29952497521866,Survey 2
Female,14.719462577271937,0.3804541477092076,13.973786149993009,15.465139004550865,Survey 3
Other,22.050160399738772,5.604005082953892,11.066512267969749,33.033808531507795,Survey 2
Other,21.14285714285713,5.400983406950269,10.557124184136168,31.728590101578096,Survey 3
