x,predicted,std.error,conf.low,conf.high,group
Junior Doctor,17.166759641908474,0.4454618317522385,16.293670495186845,18.039848788630103,Survey 2
Junior Doctor,14.124354402679433,0.44407839287512585,13.253976746331759,14.994732059027108,Survey 3
Middle Grade Doctor,17.770105057352268,0.5741000064235614,16.644889721237874,18.895320393466662,Survey 2
Middle Grade Doctor,14.250877706723404,0.5805876116229196,13.112946898072353,15.388808515374455,Survey 3
Other Senior Doctor,17.530220666658195,0.9811114741815704,15.607277512443318,19.453163820873073,Survey 2
Other Senior Doctor,15.143268148911424,0.9834674343068591,13.21570739770197,17.07082890012088,Survey 3
Senior Doctor (Consultant Grade),14.50540487073209,0.4540232862544349,13.615535581530878,15.395274159933301,Survey 2
Senior Doctor (Consultant Grade),11.242870866835633,0.45152412377025786,10.357899846094922,12.127841887576343,Survey 3
