x,predicted,std.error,conf.low,conf.high,group
Male,12.950893325182443,0.14043016874848843,12.675655252092524,13.226131398272363,Survey 1
Male,12.330780022625696,0.14091724003261355,12.054587307360988,12.606972737890404,Survey 2
Male,12.136759231653137,0.14109360367834833,11.860220849994606,12.413297613311668,Survey 3
Female,14.450475675973252,0.13753763862516838,14.180906857749237,14.720044494197266,Survey 1
Female,13.967971073741154,0.1375527140888121,13.698372708151346,14.237569439330962,Survey 2
Female,13.540708622009225,0.13907985045821994,13.268117124135898,13.813300119882552,Survey 3
Other,15.857142857142868,2.00719805233045,11.923106964736245,19.79117874954949,Survey 1
Other,16.00000000000001,2.0071980523304496,12.065964107593388,19.934035892406634,Survey 2
Other,15.285714285714297,2.0071980523304496,11.351678393307674,19.21975017812092,Survey 3
