x,predicted,std.error,conf.low,conf.high,group
White British,13.71725593367232,0.12368663594994489,13.474834581841511,13.959677285503128,Survey 1
White British,13.013807759605221,0.12382717174433376,12.771110962678872,13.25650455653157,Survey 2
White British,12.716820711774862,0.12477874394020956,12.472258867615905,12.961382555933818,Survey 3
Irish,13.219069340103196,0.39536923814287506,12.444159872748122,13.993978807458271,Survey 1
Irish,12.556209058200185,0.3945790650137294,11.782848301719786,13.329569814680584,Survey 2
Irish,12.543432112105728,0.3967873094369569,11.765743276086743,13.321120948124713,Survey 3
Ethnic minority (including white other),13.829143204991212,0.18035243441157428,13.475658929020405,14.182627480962019,Survey 1
Ethnic minority (including white other),13.607125566485479,0.18097082206252335,13.252429272990327,13.961821859980631,Survey 2
Ethnic minority (including white other),13.269311558685827,0.1816613028647674,12.91326194768626,13.625361169685393,Survey 3
