survey_chr,catvar_explicit_na,n,mean,min,Q10,Q25,Q50,Q75,Q90,max
Survey 2,Junior Doctor,996,17.199799196787147,0,1.5,6,14,25,38,79
Survey 2,Middle Grade Doctor,600,17.705,0,2,6,14,26,40,80
Survey 2,Other Senior Doctor,204,17.40686274509804,0,1,6,14,25,38.70000000000002,78
Survey 2,Senior Doctor (Consultant Grade),932,14.298283261802576,0,1,4,11,20.25,32,84
Survey 3,Junior Doctor,1009,14.054509415262636,0,0,3,10,21,35,76
Survey 3,Middle Grade Doctor,573,14.12914485165794,0,0,3,10,20,35,75
Survey 3,Other Senior Doctor,202,15.267326732673267,0,0,2,10,22.75,37,74
Survey 3,Senior Doctor (Consultant Grade),953,11.183630640083946,0,0,2,6,16,29.800000000000068,80
