survey_chr,catvar_explicit_na,n,mean,min,Q10,Q25,Q50,Q75,Q90,max
Survey 2,No,2559,16.31535756154748,0,1,5,13,24,37,84
Survey 2,"Yes, diagnosed",149,16.355704697986578,0,2,5,14,23,36,76
Survey 2,"Yes, admitted",7,22.428571428571427,0,1.2000000000000002,2,6,47.5,51.4,52
Survey 2,(Missing),17,16.823529411764707,0,2.6,5,14,26,36,45
Survey 3,No,2503,13.037554934079106,0,0,2,9,19,33,80
Survey 3,"Yes, diagnosed",199,13.135678391959798,0,0,2,9,19,32,74
Survey 3,"Yes, admitted",10,30.9,0,0,21.25,32.5,43,58.3,61
Survey 3,(Missing),25,18.52,0,0.40000000000000036,4,10,26,45.00000000000001,70
